--
-- PostgreSQL database dump
--

-- Dumped from database version 15.2 (Debian 15.2-1.pgdg110+1)
-- Dumped by pg_dump version 15.2 (Debian 15.2-1.pgdg110+1)

SET statement_timeout = 0;
SET lock_timeout = 0;
SET idle_in_transaction_session_timeout = 0;
SET client_encoding = 'UTF8';
SET standard_conforming_strings = on;
SELECT pg_catalog.set_config('search_path', '', false);
SET check_function_bodies = false;
SET xmloption = content;
SET client_min_messages = warning;
SET row_security = off;

SET default_tablespace = '';

SET default_table_access_method = heap;

--
-- Name: auto; Type: TABLE; Schema: public; Owner: postgres
--

CREATE TABLE public.auto (
    id integer NOT NULL,
    color character varying(255),
    mark character varying(255),
    num character varying(255),
    personal_id integer
);


ALTER TABLE public.auto OWNER TO postgres;

--
-- Name: auto_id_seq; Type: SEQUENCE; Schema: public; Owner: postgres
--

ALTER TABLE public.auto ALTER COLUMN id ADD GENERATED BY DEFAULT AS IDENTITY (
    SEQUENCE NAME public.auto_id_seq
    START WITH 1
    INCREMENT BY 1
    NO MINVALUE
    NO MAXVALUE
    CACHE 1
);


--
-- Name: auto_personal; Type: TABLE; Schema: public; Owner: postgres
--

CREATE TABLE public.auto_personal (
    id integer NOT NULL,
    father_name character varying(255),
    first_name character varying(255),
    last_name character varying(255)
);


ALTER TABLE public.auto_personal OWNER TO postgres;

--
-- Name: auto_personal_id_seq; Type: SEQUENCE; Schema: public; Owner: postgres
--

ALTER TABLE public.auto_personal ALTER COLUMN id ADD GENERATED BY DEFAULT AS IDENTITY (
    SEQUENCE NAME public.auto_personal_id_seq
    START WITH 1
    INCREMENT BY 1
    NO MINVALUE
    NO MAXVALUE
    CACHE 1
);


--
-- Name: buy; Type: TABLE; Schema: public; Owner: postgres
--

CREATE TABLE public.buy (
    id integer NOT NULL,
    buy_step_id integer NOT NULL,
    customer_id integer NOT NULL,
    description character varying(100)
);


ALTER TABLE public.buy OWNER TO postgres;

--
-- Name: buy_id_seq; Type: SEQUENCE; Schema: public; Owner: postgres
--

CREATE SEQUENCE public.buy_id_seq
    AS integer
    START WITH 1
    INCREMENT BY 1
    NO MINVALUE
    NO MAXVALUE
    CACHE 1;


ALTER TABLE public.buy_id_seq OWNER TO postgres;

--
-- Name: buy_id_seq; Type: SEQUENCE OWNED BY; Schema: public; Owner: postgres
--

ALTER SEQUENCE public.buy_id_seq OWNED BY public.buy.id;


--
-- Name: buy_product; Type: TABLE; Schema: public; Owner: postgres
--

CREATE TABLE public.buy_product (
    id integer NOT NULL,
    product_id integer NOT NULL,
    buy_id integer NOT NULL,
    amount integer
);


ALTER TABLE public.buy_product OWNER TO postgres;

--
-- Name: buy_product_id_seq; Type: SEQUENCE; Schema: public; Owner: postgres
--

CREATE SEQUENCE public.buy_product_id_seq
    AS integer
    START WITH 1
    INCREMENT BY 1
    NO MINVALUE
    NO MAXVALUE
    CACHE 1;


ALTER TABLE public.buy_product_id_seq OWNER TO postgres;

--
-- Name: buy_product_id_seq; Type: SEQUENCE OWNED BY; Schema: public; Owner: postgres
--

ALTER SEQUENCE public.buy_product_id_seq OWNED BY public.buy_product.id;


--
-- Name: buy_step; Type: TABLE; Schema: public; Owner: postgres
--

CREATE TABLE public.buy_step (
    id integer NOT NULL,
    step_id integer NOT NULL,
    date_start date,
    date_end date
);


ALTER TABLE public.buy_step OWNER TO postgres;

--
-- Name: buy_step_id_seq; Type: SEQUENCE; Schema: public; Owner: postgres
--

CREATE SEQUENCE public.buy_step_id_seq
    AS integer
    START WITH 1
    INCREMENT BY 1
    NO MINVALUE
    NO MAXVALUE
    CACHE 1;


ALTER TABLE public.buy_step_id_seq OWNER TO postgres;

--
-- Name: buy_step_id_seq; Type: SEQUENCE OWNED BY; Schema: public; Owner: postgres
--

ALTER SEQUENCE public.buy_step_id_seq OWNED BY public.buy_step.id;


--
-- Name: category; Type: TABLE; Schema: public; Owner: postgres
--

CREATE TABLE public.category (
    id bigint NOT NULL,
    name character varying(100),
    hazard character varying(50),
    rarity character varying(50)
);


ALTER TABLE public.category OWNER TO postgres;

--
-- Name: category_id_seq; Type: SEQUENCE; Schema: public; Owner: postgres
--

CREATE SEQUENCE public.category_id_seq
    AS integer
    START WITH 1
    INCREMENT BY 1
    NO MINVALUE
    NO MAXVALUE
    CACHE 1;


ALTER TABLE public.category_id_seq OWNER TO postgres;

--
-- Name: category_id_seq; Type: SEQUENCE OWNED BY; Schema: public; Owner: postgres
--

ALTER SEQUENCE public.category_id_seq OWNED BY public.category.id;


--
-- Name: city; Type: TABLE; Schema: public; Owner: postgres
--

CREATE TABLE public.city (
    id bigint NOT NULL,
    name character varying(100) NOT NULL,
    delivery_time bigint
);


ALTER TABLE public.city OWNER TO postgres;

--
-- Name: city_id_seq; Type: SEQUENCE; Schema: public; Owner: postgres
--

CREATE SEQUENCE public.city_id_seq
    AS integer
    START WITH 1
    INCREMENT BY 1
    NO MINVALUE
    NO MAXVALUE
    CACHE 1;


ALTER TABLE public.city_id_seq OWNER TO postgres;

--
-- Name: city_id_seq; Type: SEQUENCE OWNED BY; Schema: public; Owner: postgres
--

ALTER SEQUENCE public.city_id_seq OWNED BY public.city.id;


--
-- Name: customer; Type: TABLE; Schema: public; Owner: postgres
--

CREATE TABLE public.customer (
    id bigint NOT NULL,
    city_id bigint NOT NULL,
    name character varying(50) NOT NULL,
    email character varying(50)
);


ALTER TABLE public.customer OWNER TO postgres;

--
-- Name: customer_id_seq; Type: SEQUENCE; Schema: public; Owner: postgres
--

CREATE SEQUENCE public.customer_id_seq
    AS integer
    START WITH 1
    INCREMENT BY 1
    NO MINVALUE
    NO MAXVALUE
    CACHE 1;


ALTER TABLE public.customer_id_seq OWNER TO postgres;

--
-- Name: customer_id_seq; Type: SEQUENCE OWNED BY; Schema: public; Owner: postgres
--

ALTER SEQUENCE public.customer_id_seq OWNED BY public.customer.id;


--
-- Name: journal; Type: TABLE; Schema: public; Owner: postgres
--

CREATE TABLE public.journal (
    id integer NOT NULL,
    time_in timestamp(6) without time zone,
    time_out timestamp(6) without time zone,
    auto_id integer,
    route_id integer
);


ALTER TABLE public.journal OWNER TO postgres;

--
-- Name: journal_id_seq; Type: SEQUENCE; Schema: public; Owner: postgres
--

ALTER TABLE public.journal ALTER COLUMN id ADD GENERATED BY DEFAULT AS IDENTITY (
    SEQUENCE NAME public.journal_id_seq
    START WITH 1
    INCREMENT BY 1
    NO MINVALUE
    NO MAXVALUE
    CACHE 1
);


--
-- Name: mythology; Type: TABLE; Schema: public; Owner: postgres
--

CREATE TABLE public.mythology (
    id bigint NOT NULL,
    name character varying(50)
);


ALTER TABLE public.mythology OWNER TO postgres;

--
-- Name: mythology_id_seq; Type: SEQUENCE; Schema: public; Owner: postgres
--

CREATE SEQUENCE public.mythology_id_seq
    AS integer
    START WITH 1
    INCREMENT BY 1
    NO MINVALUE
    NO MAXVALUE
    CACHE 1;


ALTER TABLE public.mythology_id_seq OWNER TO postgres;

--
-- Name: mythology_id_seq; Type: SEQUENCE OWNED BY; Schema: public; Owner: postgres
--

ALTER SEQUENCE public.mythology_id_seq OWNED BY public.mythology.id;


--
-- Name: product; Type: TABLE; Schema: public; Owner: postgres
--

CREATE TABLE public.product (
    id integer NOT NULL,
    category_id integer NOT NULL,
    mythology_id integer NOT NULL,
    name character varying(50),
    price numeric(8,2),
    description character varying(100),
    pic character varying(150)
);


ALTER TABLE public.product OWNER TO postgres;

--
-- Name: product_id_seq; Type: SEQUENCE; Schema: public; Owner: postgres
--

CREATE SEQUENCE public.product_id_seq
    AS integer
    START WITH 1
    INCREMENT BY 1
    NO MINVALUE
    NO MAXVALUE
    CACHE 1;


ALTER TABLE public.product_id_seq OWNER TO postgres;

--
-- Name: product_id_seq; Type: SEQUENCE OWNED BY; Schema: public; Owner: postgres
--

ALTER SEQUENCE public.product_id_seq OWNED BY public.product.id;


--
-- Name: routes; Type: TABLE; Schema: public; Owner: postgres
--

CREATE TABLE public.routes (
    id integer NOT NULL,
    name character varying(255)
);


ALTER TABLE public.routes OWNER TO postgres;

--
-- Name: routes_id_seq; Type: SEQUENCE; Schema: public; Owner: postgres
--

ALTER TABLE public.routes ALTER COLUMN id ADD GENERATED BY DEFAULT AS IDENTITY (
    SEQUENCE NAME public.routes_id_seq
    START WITH 1
    INCREMENT BY 1
    NO MINVALUE
    NO MAXVALUE
    CACHE 1
);


--
-- Name: step; Type: TABLE; Schema: public; Owner: postgres
--

CREATE TABLE public.step (
    id bigint NOT NULL,
    name character varying(100) NOT NULL,
    description character varying(100)
);


ALTER TABLE public.step OWNER TO postgres;

--
-- Name: step_id_seq; Type: SEQUENCE; Schema: public; Owner: postgres
--

CREATE SEQUENCE public.step_id_seq
    AS integer
    START WITH 1
    INCREMENT BY 1
    NO MINVALUE
    NO MAXVALUE
    CACHE 1;


ALTER TABLE public.step_id_seq OWNER TO postgres;

--
-- Name: step_id_seq; Type: SEQUENCE OWNED BY; Schema: public; Owner: postgres
--

ALTER SEQUENCE public.step_id_seq OWNED BY public.step.id;


--
-- Name: users; Type: TABLE; Schema: public; Owner: postgres
--

CREATE TABLE public.users (
    id integer NOT NULL,
    created_at timestamp(6) without time zone,
    enabled boolean NOT NULL,
    password_hash character varying(255) NOT NULL,
    role character varying(20) NOT NULL,
    username character varying(50) NOT NULL
);


ALTER TABLE public.users OWNER TO postgres;

--
-- Name: users_id_seq; Type: SEQUENCE; Schema: public; Owner: postgres
--

ALTER TABLE public.users ALTER COLUMN id ADD GENERATED BY DEFAULT AS IDENTITY (
    SEQUENCE NAME public.users_id_seq
    START WITH 1
    INCREMENT BY 1
    NO MINVALUE
    NO MAXVALUE
    CACHE 1
);


--
-- Name: buy id; Type: DEFAULT; Schema: public; Owner: postgres
--

ALTER TABLE ONLY public.buy ALTER COLUMN id SET DEFAULT nextval('public.buy_id_seq'::regclass);


--
-- Name: buy_product id; Type: DEFAULT; Schema: public; Owner: postgres
--

ALTER TABLE ONLY public.buy_product ALTER COLUMN id SET DEFAULT nextval('public.buy_product_id_seq'::regclass);


--
-- Name: buy_step id; Type: DEFAULT; Schema: public; Owner: postgres
--

ALTER TABLE ONLY public.buy_step ALTER COLUMN id SET DEFAULT nextval('public.buy_step_id_seq'::regclass);


--
-- Name: category id; Type: DEFAULT; Schema: public; Owner: postgres
--

ALTER TABLE ONLY public.category ALTER COLUMN id SET DEFAULT nextval('public.category_id_seq'::regclass);


--
-- Name: city id; Type: DEFAULT; Schema: public; Owner: postgres
--

ALTER TABLE ONLY public.city ALTER COLUMN id SET DEFAULT nextval('public.city_id_seq'::regclass);


--
-- Name: customer id; Type: DEFAULT; Schema: public; Owner: postgres
--

ALTER TABLE ONLY public.customer ALTER COLUMN id SET DEFAULT nextval('public.customer_id_seq'::regclass);


--
-- Name: mythology id; Type: DEFAULT; Schema: public; Owner: postgres
--

ALTER TABLE ONLY public.mythology ALTER COLUMN id SET DEFAULT nextval('public.mythology_id_seq'::regclass);


--
-- Name: product id; Type: DEFAULT; Schema: public; Owner: postgres
--

ALTER TABLE ONLY public.product ALTER COLUMN id SET DEFAULT nextval('public.product_id_seq'::regclass);


--
-- Name: step id; Type: DEFAULT; Schema: public; Owner: postgres
--

ALTER TABLE ONLY public.step ALTER COLUMN id SET DEFAULT nextval('public.step_id_seq'::regclass);


--
-- Data for Name: auto; Type: TABLE DATA; Schema: public; Owner: postgres
--

COPY public.auto (id, color, mark, num, personal_id) FROM stdin;
\.


--
-- Data for Name: auto_personal; Type: TABLE DATA; Schema: public; Owner: postgres
--

COPY public.auto_personal (id, father_name, first_name, last_name) FROM stdin;
\.


--
-- Data for Name: buy; Type: TABLE DATA; Schema: public; Owner: postgres
--

COPY public.buy (id, buy_step_id, customer_id, description) FROM stdin;
1	1	1	Online Buy
\.


--
-- Data for Name: buy_product; Type: TABLE DATA; Schema: public; Owner: postgres
--

COPY public.buy_product (id, product_id, buy_id, amount) FROM stdin;
1	1	1	2
2	2	1	1
\.


--
-- Data for Name: buy_step; Type: TABLE DATA; Schema: public; Owner: postgres
--

COPY public.buy_step (id, step_id, date_start, date_end) FROM stdin;
1	1	2023-10-26	2023-10-26
2	2	2023-10-26	2023-10-26
3	3	2023-10-27	2024-01-02
\.


--
-- Data for Name: category; Type: TABLE DATA; Schema: public; Owner: postgres
--

COPY public.category (id, name, hazard, rarity) FROM stdin;
1	Potion	Low	Common
2	Weapon	High	Rare
3	Artifact	Medium	Uncommon
\.


--
-- Data for Name: city; Type: TABLE DATA; Schema: public; Owner: postgres
--

COPY public.city (id, name, delivery_time) FROM stdin;
1	New York	2353263
2	London	30000
3	Tokyo	234553
\.


--
-- Data for Name: customer; Type: TABLE DATA; Schema: public; Owner: postgres
--

COPY public.customer (id, city_id, name, email) FROM stdin;
1	1	John Doe	john.doe@example.com
2	2	Jane Smith	jane.smith@example.com
3	3	Taro Tanaka	taro.tanaka@example.jp
\.


--
-- Data for Name: journal; Type: TABLE DATA; Schema: public; Owner: postgres
--

COPY public.journal (id, time_in, time_out, auto_id, route_id) FROM stdin;
\.


--
-- Data for Name: mythology; Type: TABLE DATA; Schema: public; Owner: postgres
--

COPY public.mythology (id, name) FROM stdin;
1	Greek
2	Norse
3	Egyptian
\.


--
-- Data for Name: product; Type: TABLE DATA; Schema: public; Owner: postgres
--

COPY public.product (id, category_id, mythology_id, name, price, description, pic) FROM stdin;
1	1	1	Healing Potion	10.00	Restores 50 HP	healing_potion.jpg
2	2	2	Thor Hammer	1000.00	Legendary hammer	thors_hammer.jpg
3	3	3	Amulet of Anubis	500.00	Protects from evil	anubis_amulet.jpg
\.


--
-- Data for Name: routes; Type: TABLE DATA; Schema: public; Owner: postgres
--

COPY public.routes (id, name) FROM stdin;
\.


--
-- Data for Name: step; Type: TABLE DATA; Schema: public; Owner: postgres
--

COPY public.step (id, name, description) FROM stdin;
1	Buy Placed	Customer submitted the buy
2	Payment Received	Payment has been confirmed
3	Sent	Gargoyle has been sent
4	Delivered	Buy has been delivered
\.


--
-- Data for Name: users; Type: TABLE DATA; Schema: public; Owner: postgres
--

COPY public.users (id, created_at, enabled, password_hash, role, username) FROM stdin;
1	2025-12-27 17:19:04.392088	t	$2a$10$mNlENFxrI/MjKLu3fZoZluDmBa9yf.BEHsK4Y3ETH6d01FCDY5oL.	ADMIN	admin
2	2025-12-27 17:19:04.536146	t	$2a$10$gyiPZrKUG1oqN9RcQrbk3uafHn8546tt5Vq6czjcwfm.292ItIsAe	USER	user
\.


--
-- Name: auto_id_seq; Type: SEQUENCE SET; Schema: public; Owner: postgres
--

SELECT pg_catalog.setval('public.auto_id_seq', 1, false);


--
-- Name: auto_personal_id_seq; Type: SEQUENCE SET; Schema: public; Owner: postgres
--

SELECT pg_catalog.setval('public.auto_personal_id_seq', 1, false);


--
-- Name: buy_id_seq; Type: SEQUENCE SET; Schema: public; Owner: postgres
--

SELECT pg_catalog.setval('public.buy_id_seq', 1, true);


--
-- Name: buy_product_id_seq; Type: SEQUENCE SET; Schema: public; Owner: postgres
--

SELECT pg_catalog.setval('public.buy_product_id_seq', 2, true);


--
-- Name: buy_step_id_seq; Type: SEQUENCE SET; Schema: public; Owner: postgres
--

SELECT pg_catalog.setval('public.buy_step_id_seq', 3, true);


--
-- Name: category_id_seq; Type: SEQUENCE SET; Schema: public; Owner: postgres
--

SELECT pg_catalog.setval('public.category_id_seq', 3, true);


--
-- Name: city_id_seq; Type: SEQUENCE SET; Schema: public; Owner: postgres
--

SELECT pg_catalog.setval('public.city_id_seq', 3, true);


--
-- Name: customer_id_seq; Type: SEQUENCE SET; Schema: public; Owner: postgres
--

SELECT pg_catalog.setval('public.customer_id_seq', 3, true);


--
-- Name: journal_id_seq; Type: SEQUENCE SET; Schema: public; Owner: postgres
--

SELECT pg_catalog.setval('public.journal_id_seq', 1, false);


--
-- Name: mythology_id_seq; Type: SEQUENCE SET; Schema: public; Owner: postgres
--

SELECT pg_catalog.setval('public.mythology_id_seq', 3, true);


--
-- Name: product_id_seq; Type: SEQUENCE SET; Schema: public; Owner: postgres
--

SELECT pg_catalog.setval('public.product_id_seq', 3, true);


--
-- Name: routes_id_seq; Type: SEQUENCE SET; Schema: public; Owner: postgres
--

SELECT pg_catalog.setval('public.routes_id_seq', 1, false);


--
-- Name: step_id_seq; Type: SEQUENCE SET; Schema: public; Owner: postgres
--

SELECT pg_catalog.setval('public.step_id_seq', 4, true);


--
-- Name: users_id_seq; Type: SEQUENCE SET; Schema: public; Owner: postgres
--

SELECT pg_catalog.setval('public.users_id_seq', 2, true);


--
-- Name: auto_personal auto_personal_pkey; Type: CONSTRAINT; Schema: public; Owner: postgres
--

ALTER TABLE ONLY public.auto_personal
    ADD CONSTRAINT auto_personal_pkey PRIMARY KEY (id);


--
-- Name: auto auto_pkey; Type: CONSTRAINT; Schema: public; Owner: postgres
--

ALTER TABLE ONLY public.auto
    ADD CONSTRAINT auto_pkey PRIMARY KEY (id);


--
-- Name: buy buy_pkey; Type: CONSTRAINT; Schema: public; Owner: postgres
--

ALTER TABLE ONLY public.buy
    ADD CONSTRAINT buy_pkey PRIMARY KEY (id);


--
-- Name: buy_product buy_product_pkey; Type: CONSTRAINT; Schema: public; Owner: postgres
--

ALTER TABLE ONLY public.buy_product
    ADD CONSTRAINT buy_product_pkey PRIMARY KEY (id);


--
-- Name: buy_step buy_step_pkey; Type: CONSTRAINT; Schema: public; Owner: postgres
--

ALTER TABLE ONLY public.buy_step
    ADD CONSTRAINT buy_step_pkey PRIMARY KEY (id);


--
-- Name: category category_pkey; Type: CONSTRAINT; Schema: public; Owner: postgres
--

ALTER TABLE ONLY public.category
    ADD CONSTRAINT category_pkey PRIMARY KEY (id);


--
-- Name: city city_pkey; Type: CONSTRAINT; Schema: public; Owner: postgres
--

ALTER TABLE ONLY public.city
    ADD CONSTRAINT city_pkey PRIMARY KEY (id);


--
-- Name: customer customer_pkey; Type: CONSTRAINT; Schema: public; Owner: postgres
--

ALTER TABLE ONLY public.customer
    ADD CONSTRAINT customer_pkey PRIMARY KEY (id);


--
-- Name: journal journal_pkey; Type: CONSTRAINT; Schema: public; Owner: postgres
--

ALTER TABLE ONLY public.journal
    ADD CONSTRAINT journal_pkey PRIMARY KEY (id);


--
-- Name: mythology mythology_pkey; Type: CONSTRAINT; Schema: public; Owner: postgres
--

ALTER TABLE ONLY public.mythology
    ADD CONSTRAINT mythology_pkey PRIMARY KEY (id);


--
-- Name: product product_pkey; Type: CONSTRAINT; Schema: public; Owner: postgres
--

ALTER TABLE ONLY public.product
    ADD CONSTRAINT product_pkey PRIMARY KEY (id);


--
-- Name: routes routes_pkey; Type: CONSTRAINT; Schema: public; Owner: postgres
--

ALTER TABLE ONLY public.routes
    ADD CONSTRAINT routes_pkey PRIMARY KEY (id);


--
-- Name: step step_pkey; Type: CONSTRAINT; Schema: public; Owner: postgres
--

ALTER TABLE ONLY public.step
    ADD CONSTRAINT step_pkey PRIMARY KEY (id);


--
-- Name: users ukr43af9ap4edm43mmtq01oddj6; Type: CONSTRAINT; Schema: public; Owner: postgres
--

ALTER TABLE ONLY public.users
    ADD CONSTRAINT ukr43af9ap4edm43mmtq01oddj6 UNIQUE (username);


--
-- Name: users users_pkey; Type: CONSTRAINT; Schema: public; Owner: postgres
--

ALTER TABLE ONLY public.users
    ADD CONSTRAINT users_pkey PRIMARY KEY (id);


--
-- Name: buy buy_buy_step_id_fkey; Type: FK CONSTRAINT; Schema: public; Owner: postgres
--

ALTER TABLE ONLY public.buy
    ADD CONSTRAINT buy_buy_step_id_fkey FOREIGN KEY (buy_step_id) REFERENCES public.buy_step(id);


--
-- Name: buy buy_customer_id_fkey; Type: FK CONSTRAINT; Schema: public; Owner: postgres
--

ALTER TABLE ONLY public.buy
    ADD CONSTRAINT buy_customer_id_fkey FOREIGN KEY (customer_id) REFERENCES public.customer(id);


--
-- Name: buy_product buy_product_buy_id_fkey; Type: FK CONSTRAINT; Schema: public; Owner: postgres
--

ALTER TABLE ONLY public.buy_product
    ADD CONSTRAINT buy_product_buy_id_fkey FOREIGN KEY (buy_id) REFERENCES public.buy(id);


--
-- Name: buy_product buy_product_product_id_fkey; Type: FK CONSTRAINT; Schema: public; Owner: postgres
--

ALTER TABLE ONLY public.buy_product
    ADD CONSTRAINT buy_product_product_id_fkey FOREIGN KEY (product_id) REFERENCES public.product(id);


--
-- Name: buy_step buy_step_step_id_fkey; Type: FK CONSTRAINT; Schema: public; Owner: postgres
--

ALTER TABLE ONLY public.buy_step
    ADD CONSTRAINT buy_step_step_id_fkey FOREIGN KEY (step_id) REFERENCES public.step(id);


--
-- Name: customer customer_city_id_fkey; Type: FK CONSTRAINT; Schema: public; Owner: postgres
--

ALTER TABLE ONLY public.customer
    ADD CONSTRAINT customer_city_id_fkey FOREIGN KEY (city_id) REFERENCES public.city(id);


--
-- Name: journal fk273s8jyepvwkus42cfcwyty7p; Type: FK CONSTRAINT; Schema: public; Owner: postgres
--

ALTER TABLE ONLY public.journal
    ADD CONSTRAINT fk273s8jyepvwkus42cfcwyty7p FOREIGN KEY (route_id) REFERENCES public.routes(id);


--
-- Name: journal fk3ec3blt0pi0tt4ixaw8l7395a; Type: FK CONSTRAINT; Schema: public; Owner: postgres
--

ALTER TABLE ONLY public.journal
    ADD CONSTRAINT fk3ec3blt0pi0tt4ixaw8l7395a FOREIGN KEY (auto_id) REFERENCES public.auto(id);


--
-- Name: auto fkopj6f38f84lcwpdrk8lpvoxyn; Type: FK CONSTRAINT; Schema: public; Owner: postgres
--

ALTER TABLE ONLY public.auto
    ADD CONSTRAINT fkopj6f38f84lcwpdrk8lpvoxyn FOREIGN KEY (personal_id) REFERENCES public.auto_personal(id);


--
-- Name: product product_category_id_fkey; Type: FK CONSTRAINT; Schema: public; Owner: postgres
--

ALTER TABLE ONLY public.product
    ADD CONSTRAINT product_category_id_fkey FOREIGN KEY (category_id) REFERENCES public.category(id) ON DELETE CASCADE;


--
-- Name: product product_mythology_id_fkey; Type: FK CONSTRAINT; Schema: public; Owner: postgres
--

ALTER TABLE ONLY public.product
    ADD CONSTRAINT product_mythology_id_fkey FOREIGN KEY (mythology_id) REFERENCES public.mythology(id) ON DELETE CASCADE;


--
-- PostgreSQL database dump complete
--

